{"cameraMode":{"drawMode":0,"name":"Shaded","section":"Shading Mode"},"sceneLighting":true,"audioPlay":false,"sceneViewState":{"showFog":true,"showMaterialUpdate":false,"showSkybox":true,"showFlares":true,"showImageEffects":true,"showParticleSystems":true},"in2DMode":false,"pivot":{"x":460.8927001953125,"y":-900.4937744140625,"z":-2487.78857421875},"rotation":{"x":-0.0891995057463646,"y":-0.8708566427230835,"z":0.1718171238899231,"w":-0.45196396112442019},"size":224.1477813720703,"orthographic":true}